Bot,TotalGames,TotalWins,Duration,TotalActions,Collisions,WinRate,Rank
Bot_NN,1920,1340,86924.21480977,179380.0,10171.0,0.6979166666666666,1
Bot_MCTS,1920,1030,66896.2,165349.0,10536.0,0.5364583333333334,2
Bot_Primitive,1920,789,92139.514105196,393562.0,11360.0,0.4109375,3
Bot_BT,1920,620,59150.647348182,381121.0,10274.0,0.3229166666666667,4
