Bot,TotalGames,TotalWins,Duration,TotalActions,Collisions,CollisionsTie,WinRate,Rank
Bot_NN,1280,912,100287.96450499464,1066232,5585,3410,0.7125,1
Bot_Primitive,1280,525,96173.66450928443,2793595,6740,4008,0.41015625,2
Bot_BT,1280,426,74932.16274202336,2627335,6123,2838,0.3328125,3
