Bot,TotalGames,TotalWins,Duration,TotalActions,Collisions,WinRate
Bot_BT,1920,608,59150.64815469,381121,10274,0.31666666666666665
Bot_MCTS,1920,1030,66896.1982506,165349,10536,0.5364583333333334
Bot_NN,1920,1339,86924.21375309999,179380,10171,0.6973958333333333
Bot_Primitive,1920,782,92139.5154702,393562,11360,0.40729166666666666
