Bot,TotalGames,TotalWins,Duration,TotalActions,Collisions,CollisionsTie,WinRate,Rank
Bot_NN,1280,912,28566.58098785379,111382,5585,3410,0.7125,1
Bot_Primitive,1280,525,25433.3094235666,315015,6740,4008,0.41015625,2
Bot_BT,1280,426,17392.527348186544,299189,6123,2838,0.3328125,3
